Community,We_Count,Them_Count,We_Them_Ratio,Mean_Toxicity,Polarization_Index,Size
Cluster 3,202,163,1.2392638036809815,0.45706465585006695,0.5664236839368928,1064
Cluster 1,235,332,0.7078313253012049,0.4344251925149609,0.30749975976209587,820
Cluster 4,106,96,1.1041666666666667,0.44239962055367854,0.48848291436135344,690
Cluster 2,49,292,0.1678082191780822,0.46521016359539435,0.0780660890964874,475
Cluster 0,73,136,0.5367647058823529,0.44819200840598034,0.24057365157085708,392
